date,product_name,category,quantity,unit_price,revenue
2024-07-02,Laptop Stand Adjustable,Electronics,11,1877.04,20647.44
2024-07-02,Under Eye Cream Dark Circles,Beauty,9,474.75,4272.75
2024-07-03,Smart LED Desk Lamp,Electronics,18,967.74,17419.32
2024-07-04,Portable Phone Charger 20000mAh,Electronics,16,1558.24,24931.84
2024-07-05,USB-C Fast Charging Cable,Electronics,15,304.8,4572.0
2024-07-06,Bamboo Cutting Board Set,Home & Living,4,616.42,2465.68
2024-07-06,Scented Soy Wax Candle,Home & Living,9,357.58,3218.22
2024-07-07,Leather Wallet Slim,Fashion,14,629.89,8818.46
2024-07-08,Slim Fit Chino Pants,Fashion,18,845.29,15215.22
2024-07-08,Stainless Steel Water Bottle 1L,Home & Living,5,491.81,2459.05
2024-07-09,Cotton Round Neck T-Shirt,Fashion,12,417.42,5009.04
2024-07-10,USB-C Fast Charging Cable,Electronics,9,285.4,2568.6
2024-07-11,Noise Cancelling Headphones,Electronics,20,3776.58,75531.6
2024-07-11,Sunglasses UV400 Polarized,Fashion,11,757.05,8327.55
2024-07-12,Slim Fit Chino Pants,Fashion,13,866.56,11265.28
2024-07-13,Non-Stick Frying Pan 26cm,Home & Living,20,848.12,16962.4
2024-07-14,Bamboo Cutting Board Set,Home & Living,20,640.12,12802.4
2024-07-14,Portable Phone Charger 20000mAh,Electronics,6,1498.77,8992.62
2024-07-15,Non-Stick Frying Pan 26cm,Home & Living,13,778.05,10114.65
2024-07-16,Laptop Stand Adjustable,Electronics,3,1718.01,5154.03
2024-07-16,Vitamin C Face Serum 30ml,Beauty,2,754.76,1509.52
2024-07-17,Cotton Round Neck T-Shirt,Fashion,12,380.95,4571.4
2024-07-17,Scented Soy Wax Candle,Home & Living,20,329.65,6593.0
2024-07-18,Stainless Steel Water Bottle 1L,Home & Living,19,488.21,9275.99
2024-07-19,Mechanical Keyboard RGB,Electronics,13,2614.14,33983.82
2024-07-20,Cotton Round Neck T-Shirt,Fashion,4,405.17,1620.68
2024-07-20,Laptop Stand Adjustable,Electronics,10,1941.75,19417.5
2024-07-20,Memory Foam Pillow,Home & Living,11,953.14,10484.54
2024-07-20,Collagen Face Sheet Mask Pack,Beauty,6,196.39,1178.34
2024-07-21,Vitamin C Face Serum 30ml,Beauty,1,749.28,749.28
2024-07-22,Smart LED Desk Lamp,Electronics,10,879.53,8795.3
2024-07-22,Scented Soy Wax Candle,Home & Living,12,350.83,4209.96
2024-07-22,Collagen Face Sheet Mask Pack,Beauty,15,212.02,3180.3
2024-07-22,Scented Soy Wax Candle,Home & Living,1,325.62,325.62
2024-07-23,Casual Denim Jacket,Fashion,11,1557.69,17134.59
2024-07-23,Under Eye Cream Dark Circles,Beauty,17,434.75,7390.75
2024-07-23,Non-Stick Frying Pan 26cm,Home & Living,13,860.5,11186.5
2024-07-23,Noise Cancelling Headphones,Electronics,7,4245.84,29720.88
2024-07-24,Laptop Stand Adjustable,Electronics,2,1694.52,3389.04
2024-07-27,Casual Denim Jacket,Fashion,10,1523.08,15230.8
2024-07-27,Cotton Round Neck T-Shirt,Fashion,16,422.88,6766.08
2024-07-27,Sunglasses UV400 Polarized,Fashion,19,806.9,15331.1
2024-07-27,Collagen Face Sheet Mask Pack,Beauty,19,198.38,3769.22
2024-07-28,Stainless Steel Water Bottle 1L,Home & Living,4,463.92,1855.68
2024-07-28,Laptop Stand Adjustable,Electronics,18,1739.17,31305.06
2024-07-28,Moisturising Sunscreen SPF50,Beauty,5,376.6,1883.0
2024-07-28,Casual Denim Jacket,Fashion,13,1499.48,19493.24
2024-07-29,Leather Wallet Slim,Fashion,8,629.84,5038.72
2024-07-29,Under Eye Cream Dark Circles,Beauty,1,427.77,427.77
2024-07-31,USB-C Fast Charging Cable,Electronics,6,313.0,1878.0
2024-07-31,Natural Aloe Vera Gel 200ml,Beauty,6,246.59,1479.54
2024-08-01,Bamboo Cutting Board Set,Home & Living,11,556.56,6122.16
2024-08-01,Non-Stick Frying Pan 26cm,Home & Living,5,801.39,4006.95
2024-08-02,Smart LED Desk Lamp,Electronics,15,832.4,12486.0
2024-08-03,Smart LED Desk Lamp,Electronics,5,866.64,4333.2
2024-08-06,Running Sports Shoes,Fashion,13,2114.71,27491.23
2024-08-07,Mechanical Keyboard RGB,Electronics,15,2677.02,40155.3
2024-08-07,Stainless Steel Water Bottle 1L,Home & Living,3,484.8,1454.4
2024-08-07,Smart LED Desk Lamp,Electronics,15,851.91,12778.65
2024-08-08,Portable Phone Charger 20000mAh,Electronics,5,1509.93,7549.65
2024-08-08,Stainless Steel Water Bottle 1L,Home & Living,5,519.29,2596.45
2024-08-08,Laptop Stand Adjustable,Electronics,13,1759.66,22875.58
2024-08-09,Mechanical Keyboard RGB,Electronics,17,2552.27,43388.59
2024-08-10,Scented Soy Wax Candle,Home & Living,3,361.95,1085.85
2024-08-10,Memory Foam Pillow,Home & Living,13,952.3,12379.9
2024-08-10,Slim Fit Chino Pants,Fashion,12,959.99,11519.88
2024-08-11,Under Eye Cream Dark Circles,Beauty,14,460.31,6444.34
2024-08-11,Bamboo Cutting Board Set,Home & Living,5,565.54,2827.7
2024-08-11,Vitamin C Face Serum 30ml,Beauty,11,738.41,8122.51
2024-08-11,Leather Wallet Slim,Fashion,19,614.68,11678.92
2024-08-12,Slim Fit Chino Pants,Fashion,6,866.32,5197.92
2024-08-13,Noise Cancelling Headphones,Electronics,8,4139.81,33118.48
2024-08-13,Natural Aloe Vera Gel 200ml,Beauty,10,251.35,2513.5
2024-08-13,Moisturising Sunscreen SPF50,Beauty,17,429.3,7298.1
2024-08-14,Webcam HD 1080p,Electronics,9,1908.85,17179.65
2024-08-15,Laptop Stand Adjustable,Electronics,19,1721.92,32716.48
2024-08-16,Non-Stick Frying Pan 26cm,Home & Living,16,779.56,12472.96
2024-08-16,Collagen Face Sheet Mask Pack,Beauty,14,214.23,2999.22
2024-08-16,Smart LED Desk Lamp,Electronics,10,874.08,8740.8
2024-08-17,Laptop Stand Adjustable,Electronics,14,1893.8,26513.2
2024-08-17,Wireless Bluetooth Earbuds,Electronics,10,1241.14,12411.4
2024-08-17,USB-C Fast Charging Cable,Electronics,14,279.7,3915.8
2024-08-18,Collagen Face Sheet Mask Pack,Beauty,11,196.67,2163.37
2024-08-19,Sunglasses UV400 Polarized,Fashion,12,843.42,10121.04
2024-08-19,Portable Phone Charger 20000mAh,Electronics,8,1591.88,12735.04
2024-08-19,Smart LED Desk Lamp,Electronics,2,868.82,1737.64
2024-08-20,Collagen Face Sheet Mask Pack,Beauty,7,203.0,1421.0
2024-08-21,Scented Soy Wax Candle,Home & Living,3,351.1,1053.3
2024-08-22,Moisturising Sunscreen SPF50,Beauty,12,416.88,5002.56
2024-08-22,Stainless Steel Water Bottle 1L,Home & Living,11,537.51,5912.61
2024-08-22,Bamboo Cutting Board Set,Home & Living,17,632.66,10755.22
2024-08-23,Running Sports Shoes,Fashion,19,2001.37,38026.03
2024-08-24,Memory Foam Pillow,Home & Living,10,948.15,9481.5
2024-08-24,Non-Stick Frying Pan 26cm,Home & Living,8,783.83,6270.64
2024-08-25,Natural Aloe Vera Gel 200ml,Beauty,13,263.83,3429.79
2024-08-25,Wireless Bluetooth Earbuds,Electronics,14,1222.92,17120.88
2024-08-25,Smart LED Desk Lamp,Electronics,20,933.65,18673.0
2024-08-26,Laptop Stand Adjustable,Electronics,5,1835.68,9178.4
2024-08-26,Mechanical Keyboard RGB,Electronics,1,2351.78,2351.78
2024-08-26,Moisturising Sunscreen SPF50,Beauty,14,404.34,5660.76
2024-08-26,Natural Aloe Vera Gel 200ml,Beauty,7,229.83,1608.81
2024-08-27,Vitamin C Face Serum 30ml,Beauty,1,726.02,726.02
2024-08-28,Natural Aloe Vera Gel 200ml,Beauty,6,267.51,1605.06
2024-08-28,Natural Aloe Vera Gel 200ml,Beauty,18,257.8,4640.4
2024-08-29,Memory Foam Pillow,Home & Living,13,956.46,12433.98
2024-09-01,Webcam HD 1080p,Electronics,15,1693.46,25401.9
2024-09-01,Noise Cancelling Headphones,Electronics,15,3737.74,56066.1
2024-09-01,Stainless Steel Water Bottle 1L,Home & Living,9,494.98,4454.82
2024-09-02,Bamboo Cutting Board Set,Home & Living,13,558.63,7262.19
2024-09-02,Moisturising Sunscreen SPF50,Beauty,10,399.45,3994.5
2024-09-02,Laptop Stand Adjustable,Electronics,17,1699.12,28885.04
2024-09-05,Smart LED Desk Lamp,Electronics,18,863.13,15536.34
2024-09-05,Mechanical Keyboard RGB,Electronics,13,2512.03,32656.39
2024-09-05,Bamboo Cutting Board Set,Home & Living,20,635.83,12716.6
2024-09-06,Sunglasses UV400 Polarized,Fashion,10,793.53,7935.3
2024-09-06,Bamboo Cutting Board Set,Home & Living,10,593.07,5930.7
2024-09-06,Under Eye Cream Dark Circles,Beauty,20,440.14,8802.8
2024-09-09,Noise Cancelling Headphones,Electronics,9,3864.28,34778.52
2024-09-11,USB-C Fast Charging Cable,Electronics,1,279.47,279.47
2024-09-12,Mechanical Keyboard RGB,Electronics,19,2561.91,48676.29
2024-09-13,Bamboo Cutting Board Set,Home & Living,13,569.35,7401.55
2024-09-14,Noise Cancelling Headphones,Electronics,1,3708.65,3708.65
2024-09-14,Memory Foam Pillow,Home & Living,14,840.27,11763.78
2024-09-14,Sunglasses UV400 Polarized,Fashion,8,739.12,5912.96
2024-09-15,Vitamin C Face Serum 30ml,Beauty,9,735.53,6619.77
2024-09-15,Non-Stick Frying Pan 26cm,Home & Living,15,803.93,12058.95
2024-09-16,Vitamin C Face Serum 30ml,Beauty,16,750.99,12015.84
2024-09-18,Vitamin C Face Serum 30ml,Beauty,3,695.59,2086.77
2024-09-18,Collagen Face Sheet Mask Pack,Beauty,14,203.93,2855.02
2024-09-18,Laptop Stand Adjustable,Electronics,6,1872.24,11233.44
2024-09-18,Smart LED Desk Lamp,Electronics,3,869.63,2608.89
2024-09-19,Casual Denim Jacket,Fashion,15,1379.86,20697.9
2024-09-19,Memory Foam Pillow,Home & Living,2,965.28,1930.56
2024-09-19,Leather Wallet Slim,Fashion,12,580.95,6971.4
2024-09-20,Wireless Bluetooth Earbuds,Electronics,14,1265.8,17721.2
2024-09-20,Under Eye Cream Dark Circles,Beauty,12,439.87,5278.44
2024-09-20,Noise Cancelling Headphones,Electronics,16,4316.34,69061.44
2024-09-21,Mechanical Keyboard RGB,Electronics,11,2672.83,29401.13
2024-09-22,Webcam HD 1080p,Electronics,6,1908.79,11452.74
2024-09-23,Cotton Round Neck T-Shirt,Fashion,9,425.43,3828.87
2024-09-24,Webcam HD 1080p,Electronics,14,1794.87,25128.18
2024-09-25,Collagen Face Sheet Mask Pack,Beauty,3,192.12,576.36
2024-09-27,Leather Wallet Slim,Fashion,15,638.5,9577.5
2024-09-28,Casual Denim Jacket,Fashion,7,1410.78,9875.46
2024-09-28,Noise Cancelling Headphones,Electronics,20,4226.88,84537.6
2024-09-30,Wireless Bluetooth Earbuds,Electronics,11,1357.69,14934.59
2024-09-30,Cotton Round Neck T-Shirt,Fashion,19,428.53,8142.07
2024-10-01,Cotton Round Neck T-Shirt,Fashion,19,394.91,7503.29
2024-10-01,Moisturising Sunscreen SPF50,Beauty,6,378.26,2269.56
2024-10-01,Mechanical Keyboard RGB,Electronics,20,2622.57,52451.4
2024-10-02,Stainless Steel Water Bottle 1L,Home & Living,2,479.85,959.7
2024-10-02,Leather Wallet Slim,Fashion,16,571.41,9142.56
2024-10-04,USB-C Fast Charging Cable,Electronics,3,303.55,910.65
2024-10-06,Vitamin C Face Serum 30ml,Beauty,10,683.0,6830.0
2024-10-07,Portable Phone Charger 20000mAh,Electronics,11,1407.75,15485.25
2024-10-10,Natural Aloe Vera Gel 200ml,Beauty,3,252.67,758.01
2024-10-11,Mechanical Keyboard RGB,Electronics,20,2354.42,47088.4
2024-10-14,Scented Soy Wax Candle,Home & Living,3,367.42,1102.26
2024-10-15,Bamboo Cutting Board Set,Home & Living,19,571.78,10863.82
2024-10-16,Running Sports Shoes,Fashion,9,2063.55,18571.95
2024-10-16,Under Eye Cream Dark Circles,Beauty,11,427.71,4704.81
2024-10-17,Leather Wallet Slim,Fashion,15,582.4,8736.0
2024-10-19,Smart LED Desk Lamp,Electronics,11,841.78,9259.58
2024-10-19,Memory Foam Pillow,Home & Living,13,887.47,11537.11
2024-10-19,Webcam HD 1080p,Electronics,19,1756.66,33376.54
2024-10-20,Slim Fit Chino Pants,Fashion,2,910.39,1820.78
2024-10-22,Non-Stick Frying Pan 26cm,Home & Living,7,839.47,5876.29
2024-10-23,Webcam HD 1080p,Electronics,5,1867.07,9335.35
2024-10-23,Webcam HD 1080p,Electronics,1,1845.06,1845.06
2024-10-23,Memory Foam Pillow,Home & Living,4,968.78,3875.12
2024-10-24,Under Eye Cream Dark Circles,Beauty,17,440.41,7486.97
2024-10-24,USB-C Fast Charging Cable,Electronics,4,297.16,1188.64
2024-10-24,Memory Foam Pillow,Home & Living,8,834.63,6677.04
2024-10-26,USB-C Fast Charging Cable,Electronics,19,303.17,5760.23
2024-10-27,Laptop Stand Adjustable,Electronics,10,1858.57,18585.7
2024-10-28,USB-C Fast Charging Cable,Electronics,4,293.27,1173.08
2024-10-29,Moisturising Sunscreen SPF50,Beauty,13,374.73,4871.49
2024-10-29,Slim Fit Chino Pants,Fashion,9,875.39,7878.51
2024-10-29,Stainless Steel Water Bottle 1L,Home & Living,12,467.01,5604.12
2024-10-29,USB-C Fast Charging Cable,Electronics,12,292.41,3508.92
2024-10-29,Natural Aloe Vera Gel 200ml,Beauty,2,255.68,511.36
2024-10-30,Running Sports Shoes,Fashion,19,1942.64,36910.16
2024-10-30,Moisturising Sunscreen SPF50,Beauty,15,406.06,6090.9
2024-10-30,Smart LED Desk Lamp,Electronics,16,830.86,13293.76
2024-10-31,Natural Aloe Vera Gel 200ml,Beauty,19,244.34,4642.46
2024-10-31,Laptop Stand Adjustable,Electronics,14,1839.0,25746.0
2024-11-01,Running Sports Shoes,Fashion,4,2085.84,8343.36
2024-11-02,Vitamin C Face Serum 30ml,Beauty,4,721.05,2884.2
2024-11-02,Natural Aloe Vera Gel 200ml,Beauty,10,255.53,2555.3
2024-11-02,Portable Phone Charger 20000mAh,Electronics,14,1520.31,21284.34
2024-11-02,Webcam HD 1080p,Electronics,2,1847.89,3695.78
2024-11-03,USB-C Fast Charging Cable,Electronics,12,288.71,3464.52
2024-11-03,Smart LED Desk Lamp,Electronics,17,886.35,15067.95
2024-11-04,Smart LED Desk Lamp,Electronics,18,904.61,16282.98
2024-11-04,Scented Soy Wax Candle,Home & Living,19,354.28,6731.32
2024-11-04,Noise Cancelling Headphones,Electronics,9,4036.17,36325.53
2024-11-06,USB-C Fast Charging Cable,Electronics,7,305.46,2138.22
2024-11-07,Leather Wallet Slim,Fashion,11,562.19,6184.09
2024-11-08,Noise Cancelling Headphones,Electronics,2,4132.59,8265.18
2024-11-08,Vitamin C Face Serum 30ml,Beauty,15,671.64,10074.6
2024-11-08,Moisturising Sunscreen SPF50,Beauty,12,427.96,5135.52
2024-11-09,Smart LED Desk Lamp,Electronics,7,852.04,5964.28
2024-11-09,Vitamin C Face Serum 30ml,Beauty,16,667.01,10672.16
2024-11-09,Vitamin C Face Serum 30ml,Beauty,6,644.66,3867.96
2024-11-11,Wireless Bluetooth Earbuds,Electronics,13,1244.03,16172.39
2024-11-12,Collagen Face Sheet Mask Pack,Beauty,17,207.34,3524.78
2024-11-12,Vitamin C Face Serum 30ml,Beauty,6,725.98,4355.88
2024-11-13,Under Eye Cream Dark Circles,Beauty,2,465.5,931.0
2024-11-13,Memory Foam Pillow,Home & Living,5,961.32,4806.6
2024-11-13,Smart LED Desk Lamp,Electronics,4,955.06,3820.24
2024-11-13,Vitamin C Face Serum 30ml,Beauty,17,697.72,11861.24
2024-11-13,Wireless Bluetooth Earbuds,Electronics,18,1220.77,21973.86
2024-11-13,Mechanical Keyboard RGB,Electronics,2,2349.76,4699.52
2024-11-14,Bamboo Cutting Board Set,Home & Living,11,561.77,6179.47
2024-11-14,Memory Foam Pillow,Home & Living,1,867.76,867.76
2024-11-14,Natural Aloe Vera Gel 200ml,Beauty,1,236.27,236.27
2024-11-16,Sunglasses UV400 Polarized,Fashion,18,763.16,13736.88
2024-11-16,Stainless Steel Water Bottle 1L,Home & Living,10,479.15,4791.5
2024-11-16,Bamboo Cutting Board Set,Home & Living,18,617.8,11120.4
2024-11-17,Casual Denim Jacket,Fashion,7,1560.15,10921.05
2024-11-18,Webcam HD 1080p,Electronics,15,1677.38,25160.7
2024-11-18,Bamboo Cutting Board Set,Home & Living,5,610.98,3054.9
2024-11-19,Vitamin C Face Serum 30ml,Beauty,17,697.28,11853.76
2024-11-19,Natural Aloe Vera Gel 200ml,Beauty,18,229.48,4130.64
2024-11-20,Mechanical Keyboard RGB,Electronics,15,2398.96,35984.4
2024-11-20,Sunglasses UV400 Polarized,Fashion,14,767.33,10742.62
2024-11-22,Laptop Stand Adjustable,Electronics,16,1827.07,29233.12
2024-11-23,Leather Wallet Slim,Fashion,15,645.88,9688.2
2024-11-24,Stainless Steel Water Bottle 1L,Home & Living,14,514.7,7205.8
2024-11-24,Slim Fit Chino Pants,Fashion,7,888.92,6222.44
2024-11-24,Under Eye Cream Dark Circles,Beauty,16,427.46,6839.36
2024-11-25,Portable Phone Charger 20000mAh,Electronics,8,1451.31,11610.48
2024-11-25,Noise Cancelling Headphones,Electronics,11,3861.7,42478.7
2024-11-26,Mechanical Keyboard RGB,Electronics,2,2302.79,4605.58
2024-11-27,Natural Aloe Vera Gel 200ml,Beauty,17,257.18,4372.06
2024-11-28,Laptop Stand Adjustable,Electronics,12,1762.97,21155.64
2024-11-29,Noise Cancelling Headphones,Electronics,8,3909.99,31279.92
2024-11-29,Non-Stick Frying Pan 26cm,Home & Living,11,837.89,9216.79
2024-11-29,Leather Wallet Slim,Fashion,19,615.71,11698.49
2024-11-30,Running Sports Shoes,Fashion,13,2112.05,27456.65
2024-11-30,Stainless Steel Water Bottle 1L,Home & Living,19,538.12,10224.28
2024-11-30,Webcam HD 1080p,Electronics,10,1857.98,18579.8
2024-12-01,Bamboo Cutting Board Set,Home & Living,4,641.07,2564.28
2024-12-01,Natural Aloe Vera Gel 200ml,Beauty,1,230.91,230.91
2024-12-01,Scented Soy Wax Candle,Home & Living,14,359.63,5034.82
2024-12-01,Under Eye Cream Dark Circles,Beauty,19,437.25,8307.75
2024-12-02,Stainless Steel Water Bottle 1L,Home & Living,7,538.87,3772.09
2024-12-03,Scented Soy Wax Candle,Home & Living,3,376.58,1129.74
2024-12-05,Running Sports Shoes,Fashion,8,1857.61,14860.88
2024-12-05,Moisturising Sunscreen SPF50,Beauty,2,381.16,762.32
2024-12-05,Stainless Steel Water Bottle 1L,Home & Living,6,491.45,2948.7
2024-12-06,Natural Aloe Vera Gel 200ml,Beauty,11,243.06,2673.66
2024-12-06,USB-C Fast Charging Cable,Electronics,15,296.7,4450.5
2024-12-06,Running Sports Shoes,Fashion,13,1880.32,24444.16
2024-12-06,Running Sports Shoes,Fashion,6,2143.3,12859.8
2024-12-06,Leather Wallet Slim,Fashion,17,589.25,10017.25
2024-12-06,USB-C Fast Charging Cable,Electronics,13,322.9,4197.7
2024-12-08,Running Sports Shoes,Fashion,14,2032.97,28461.58
2024-12-08,USB-C Fast Charging Cable,Electronics,19,295.62,5616.78
2024-12-08,Sunglasses UV400 Polarized,Fashion,9,766.99,6902.91
2024-12-08,Smart LED Desk Lamp,Electronics,11,932.69,10259.59
2024-12-09,Scented Soy Wax Candle,Home & Living,7,357.68,2503.76
2024-12-10,Under Eye Cream Dark Circles,Beauty,15,457.09,6856.35
2024-12-11,Wireless Bluetooth Earbuds,Electronics,4,1369.49,5477.96
2024-12-11,Under Eye Cream Dark Circles,Beauty,6,441.31,2647.86
2024-12-12,Leather Wallet Slim,Fashion,4,633.29,2533.16
2024-12-13,Under Eye Cream Dark Circles,Beauty,16,414.48,6631.68
2024-12-13,Collagen Face Sheet Mask Pack,Beauty,20,191.05,3821.0
2024-12-13,Under Eye Cream Dark Circles,Beauty,11,423.92,4663.12
2024-12-14,Bamboo Cutting Board Set,Home & Living,16,601.44,9623.04
2024-12-15,Bamboo Cutting Board Set,Home & Living,20,572.3,11446.0
2024-12-15,USB-C Fast Charging Cable,Electronics,10,289.74,2897.4
2024-12-15,Mechanical Keyboard RGB,Electronics,19,2587.42,49160.98
2024-12-16,Sunglasses UV400 Polarized,Fashion,9,845.58,7610.22
2024-12-16,Webcam HD 1080p,Electronics,5,1882.08,9410.4
2024-12-16,Vitamin C Face Serum 30ml,Beauty,5,718.03,3590.15
2024-12-16,Cotton Round Neck T-Shirt,Fashion,10,404.26,4042.6
2024-12-17,Laptop Stand Adjustable,Electronics,3,1803.07,5409.21
2024-12-17,Bamboo Cutting Board Set,Home & Living,1,562.13,562.13
2024-12-17,Casual Denim Jacket,Fashion,16,1403.19,22451.04
2024-12-17,Portable Phone Charger 20000mAh,Electronics,6,1554.43,9326.58
2024-12-18,Running Sports Shoes,Fashion,18,2083.08,37495.44
2024-12-18,Laptop Stand Adjustable,Electronics,8,1939.7,15517.6
2024-12-18,Collagen Face Sheet Mask Pack,Beauty,5,184.49,922.45
2024-12-19,Vitamin C Face Serum 30ml,Beauty,3,679.95,2039.85
2024-12-19,Vitamin C Face Serum 30ml,Beauty,5,658.47,3292.35
2024-12-20,Sunglasses UV400 Polarized,Fashion,1,798.27,798.27
2024-12-21,USB-C Fast Charging Cable,Electronics,1,303.22,303.22
2024-12-21,Collagen Face Sheet Mask Pack,Beauty,4,191.0,764.0
2024-12-21,Cotton Round Neck T-Shirt,Fashion,20,411.3,8226.0
2024-12-21,Casual Denim Jacket,Fashion,15,1474.71,22120.65
2024-12-21,Collagen Face Sheet Mask Pack,Beauty,8,193.68,1549.44
2024-12-21,Bamboo Cutting Board Set,Home & Living,6,630.66,3783.96
2024-12-21,Sunglasses UV400 Polarized,Fashion,6,798.51,4791.06
2024-12-22,Cotton Round Neck T-Shirt,Fashion,9,423.28,3809.52
2024-12-22,Stainless Steel Water Bottle 1L,Home & Living,6,536.17,3217.02
2024-12-24,Portable Phone Charger 20000mAh,Electronics,14,1405.68,19679.52
2024-12-24,Sunglasses UV400 Polarized,Fashion,5,772.21,3861.05
2024-12-25,Webcam HD 1080p,Electronics,17,1912.68,32515.56
2024-12-27,Stainless Steel Water Bottle 1L,Home & Living,10,524.59,5245.9
2024-12-27,Cotton Round Neck T-Shirt,Fashion,17,392.6,6674.2
2024-12-27,Laptop Stand Adjustable,Electronics,8,1842.22,14737.76
2024-12-27,Portable Phone Charger 20000mAh,Electronics,18,1467.24,26410.32
2024-12-27,Running Sports Shoes,Fashion,5,1914.65,9573.25
2024-12-31,Laptop Stand Adjustable,Electronics,7,1851.41,12959.87
2024-12-31,Vitamin C Face Serum 30ml,Beauty,2,687.61,1375.22
2025-01-02,Sunglasses UV400 Polarized,Fashion,8,862.58,6900.64
2025-01-02,Memory Foam Pillow,Home & Living,20,935.89,18717.8
2025-01-04,Bamboo Cutting Board Set,Home & Living,17,599.17,10185.89
2025-01-04,Bamboo Cutting Board Set,Home & Living,3,626.86,1880.58
2025-01-04,Cotton Round Neck T-Shirt,Fashion,13,390.44,5075.72
2025-01-05,Moisturising Sunscreen SPF50,Beauty,18,424.64,7643.52
2025-01-05,Laptop Stand Adjustable,Electronics,10,1677.17,16771.7
2025-01-05,Non-Stick Frying Pan 26cm,Home & Living,17,769.18,13076.06
2025-01-06,Moisturising Sunscreen SPF50,Beauty,3,399.38,1198.14
2025-01-06,Stainless Steel Water Bottle 1L,Home & Living,12,494.52,5934.24
2025-01-07,Vitamin C Face Serum 30ml,Beauty,4,718.55,2874.2
2025-01-07,Collagen Face Sheet Mask Pack,Beauty,5,200.79,1003.95
2025-01-11,Moisturising Sunscreen SPF50,Beauty,6,406.37,2438.22
2025-01-11,Bamboo Cutting Board Set,Home & Living,11,611.15,6722.65
2025-01-12,Natural Aloe Vera Gel 200ml,Beauty,13,268.46,3489.98
2025-01-12,Under Eye Cream Dark Circles,Beauty,20,462.16,9243.2
2025-01-14,Webcam HD 1080p,Electronics,3,1762.99,5288.97
2025-01-15,Smart LED Desk Lamp,Electronics,15,880.45,13206.75
2025-01-15,Slim Fit Chino Pants,Fashion,14,938.48,13138.72
2025-01-16,Wireless Bluetooth Earbuds,Electronics,9,1387.65,12488.85
2025-01-16,Casual Denim Jacket,Fashion,19,1605.98,30513.62
2025-01-18,USB-C Fast Charging Cable,Electronics,17,296.95,5048.15
2025-01-18,Portable Phone Charger 20000mAh,Electronics,12,1569.73,18836.76
2025-01-21,Running Sports Shoes,Fashion,5,2082.37,10411.85
2025-01-22,Leather Wallet Slim,Fashion,9,557.42,5016.78
2025-01-22,Noise Cancelling Headphones,Electronics,2,3784.42,7568.84
2025-01-24,Slim Fit Chino Pants,Fashion,18,947.0,17046.0
2025-01-24,Moisturising Sunscreen SPF50,Beauty,6,420.74,2524.44
2025-01-24,Moisturising Sunscreen SPF50,Beauty,10,396.03,3960.3
2025-01-25,Non-Stick Frying Pan 26cm,Home & Living,7,747.14,5229.98
2025-01-25,Mechanical Keyboard RGB,Electronics,16,2489.98,39839.68
2025-01-26,Moisturising Sunscreen SPF50,Beauty,11,392.77,4320.47
2025-01-27,Leather Wallet Slim,Fashion,16,578.7,9259.2
2025-01-27,Portable Phone Charger 20000mAh,Electronics,12,1588.61,19063.32
2025-01-27,Noise Cancelling Headphones,Electronics,17,4174.94,70973.98
2025-01-29,USB-C Fast Charging Cable,Electronics,14,290.91,4072.74
2025-01-29,Stainless Steel Water Bottle 1L,Home & Living,2,475.59,951.18
2025-01-29,Cotton Round Neck T-Shirt,Fashion,11,426.72,4693.92
2025-01-30,Scented Soy Wax Candle,Home & Living,20,356.76,7135.2
2025-01-31,Leather Wallet Slim,Fashion,5,590.66,2953.3
2025-02-02,Moisturising Sunscreen SPF50,Beauty,20,371.14,7422.8
2025-02-02,Under Eye Cream Dark Circles,Beauty,7,479.81,3358.67
2025-02-02,Moisturising Sunscreen SPF50,Beauty,17,390.18,6633.06
2025-02-03,Portable Phone Charger 20000mAh,Electronics,8,1421.26,11370.08
2025-02-03,Noise Cancelling Headphones,Electronics,4,4027.51,16110.04
2025-02-03,Moisturising Sunscreen SPF50,Beauty,16,405.84,6493.44
2025-02-03,USB-C Fast Charging Cable,Electronics,3,295.68,887.04
2025-02-04,Sunglasses UV400 Polarized,Fashion,4,797.76,3191.04
2025-02-04,Under Eye Cream Dark Circles,Beauty,6,462.63,2775.78
2025-02-04,Sunglasses UV400 Polarized,Fashion,17,777.0,13209.0
2025-02-05,Slim Fit Chino Pants,Fashion,1,915.51,915.51
2025-02-06,Moisturising Sunscreen SPF50,Beauty,12,394.12,4729.44
2025-02-06,Noise Cancelling Headphones,Electronics,15,4247.32,63709.8
2025-02-07,Portable Phone Charger 20000mAh,Electronics,12,1531.52,18378.24
2025-02-07,Smart LED Desk Lamp,Electronics,17,958.08,16287.36
2025-02-09,Laptop Stand Adjustable,Electronics,1,1787.42,1787.42
2025-02-09,Running Sports Shoes,Fashion,13,2076.82,26998.66
2025-02-10,Natural Aloe Vera Gel 200ml,Beauty,15,249.96,3749.4
2025-02-10,Mechanical Keyboard RGB,Electronics,2,2463.36,4926.72
2025-02-11,Portable Phone Charger 20000mAh,Electronics,4,1505.22,6020.88
2025-02-11,Scented Soy Wax Candle,Home & Living,15,364.05,5460.75
2025-02-12,USB-C Fast Charging Cable,Electronics,18,279.76,5035.68
2025-02-12,Vitamin C Face Serum 30ml,Beauty,2,665.85,1331.7
2025-02-13,Natural Aloe Vera Gel 200ml,Beauty,3,261.37,784.11
2025-02-14,Bamboo Cutting Board Set,Home & Living,6,622.35,3734.1
2025-02-14,Running Sports Shoes,Fashion,2,2071.54,4143.08
2025-02-15,Non-Stick Frying Pan 26cm,Home & Living,12,800.69,9608.28
2025-02-15,Scented Soy Wax Candle,Home & Living,19,356.98,6782.62
2025-02-15,Collagen Face Sheet Mask Pack,Beauty,8,200.08,1600.64
2025-02-15,Non-Stick Frying Pan 26cm,Home & Living,20,735.75,14715.0
2025-02-16,Non-Stick Frying Pan 26cm,Home & Living,9,831.19,7480.71
2025-02-16,Casual Denim Jacket,Fashion,20,1491.78,29835.6
2025-02-16,Webcam HD 1080p,Electronics,12,1922.91,23074.92
2025-02-16,Memory Foam Pillow,Home & Living,18,867.32,15611.76
2025-02-17,Memory Foam Pillow,Home & Living,4,862.74,3450.96
2025-02-17,Portable Phone Charger 20000mAh,Electronics,17,1432.22,24347.74
2025-02-18,Natural Aloe Vera Gel 200ml,Beauty,3,256.47,769.41
2025-02-19,Sunglasses UV400 Polarized,Fashion,11,846.25,9308.75
2025-02-20,Under Eye Cream Dark Circles,Beauty,3,421.04,1263.12
2025-02-21,Under Eye Cream Dark Circles,Beauty,12,419.41,5032.92
2025-02-22,Bamboo Cutting Board Set,Home & Living,14,556.27,7787.78
2025-02-23,Webcam HD 1080p,Electronics,19,1830.76,34784.44
2025-02-23,Moisturising Sunscreen SPF50,Beauty,16,407.41,6518.56
2025-02-23,Non-Stick Frying Pan 26cm,Home & Living,7,778.57,5449.99
2025-02-24,Noise Cancelling Headphones,Electronics,9,4169.77,37527.93
2025-02-24,Wireless Bluetooth Earbuds,Electronics,10,1335.91,13359.1
2025-02-26,USB-C Fast Charging Cable,Electronics,1,310.91,310.91
2025-02-26,Mechanical Keyboard RGB,Electronics,17,2559.58,43512.86
2025-02-26,USB-C Fast Charging Cable,Electronics,15,305.29,4579.35
2025-02-26,Slim Fit Chino Pants,Fashion,7,879.99,6159.93
2025-02-27,Slim Fit Chino Pants,Fashion,5,936.23,4681.15
2025-02-28,Smart LED Desk Lamp,Electronics,4,908.2,3632.8
2025-02-28,Running Sports Shoes,Fashion,18,2008.89,36160.02
2025-02-28,Moisturising Sunscreen SPF50,Beauty,3,372.9,1118.7
2025-02-28,Bamboo Cutting Board Set,Home & Living,9,554.59,4991.31
2025-02-28,Leather Wallet Slim,Fashion,17,594.88,10112.96
2025-03-01,Slim Fit Chino Pants,Fashion,1,880.06,880.06
2025-03-02,Scented Soy Wax Candle,Home & Living,17,372.42,6331.14
2025-03-02,Cotton Round Neck T-Shirt,Fashion,4,419.56,1678.24
2025-03-02,Smart LED Desk Lamp,Electronics,11,961.69,10578.59
2025-03-03,Collagen Face Sheet Mask Pack,Beauty,17,196.16,3334.72
2025-03-05,Bamboo Cutting Board Set,Home & Living,15,592.83,8892.45
2025-03-05,Collagen Face Sheet Mask Pack,Beauty,9,206.15,1855.35
2025-03-05,Casual Denim Jacket,Fashion,16,1437.54,23000.64
2025-03-05,Slim Fit Chino Pants,Fashion,8,942.83,7542.64
2025-03-06,Natural Aloe Vera Gel 200ml,Beauty,4,230.23,920.92
2025-03-06,Leather Wallet Slim,Fashion,7,572.79,4009.53
2025-03-07,Webcam HD 1080p,Electronics,8,1733.64,13869.12
2025-03-09,Sunglasses UV400 Polarized,Fashion,3,808.85,2426.55
2025-03-10,Vitamin C Face Serum 30ml,Beauty,15,727.46,10911.9
2025-03-11,Sunglasses UV400 Polarized,Fashion,13,766.27,9961.51
2025-03-12,Collagen Face Sheet Mask Pack,Beauty,10,207.78,2077.8
2025-03-13,Stainless Steel Water Bottle 1L,Home & Living,10,498.79,4987.9
2025-03-14,Cotton Round Neck T-Shirt,Fashion,18,398.6,7174.8
2025-03-14,Webcam HD 1080p,Electronics,18,1894.95,34109.1
2025-03-14,Non-Stick Frying Pan 26cm,Home & Living,5,857.52,4287.6
2025-03-15,Smart LED Desk Lamp,Electronics,19,874.83,16621.77
2025-03-15,Sunglasses UV400 Polarized,Fashion,17,788.6,13406.2
2025-03-16,Collagen Face Sheet Mask Pack,Beauty,14,209.53,2933.42
2025-03-16,USB-C Fast Charging Cable,Electronics,6,276.95,1661.7
2025-03-16,Smart LED Desk Lamp,Electronics,15,866.32,12994.8
2025-03-17,Portable Phone Charger 20000mAh,Electronics,18,1579.38,28428.84
2025-03-18,Smart LED Desk Lamp,Electronics,16,840.16,13442.56
2025-03-18,Under Eye Cream Dark Circles,Beauty,5,475.15,2375.75
2025-03-19,Memory Foam Pillow,Home & Living,7,957.39,6701.73
2025-03-21,Sunglasses UV400 Polarized,Fashion,1,819.16,819.16
2025-03-21,Under Eye Cream Dark Circles,Beauty,5,436.64,2183.2
2025-03-22,Moisturising Sunscreen SPF50,Beauty,12,375.27,4503.24
2025-03-23,Natural Aloe Vera Gel 200ml,Beauty,15,231.08,3466.2
2025-03-24,Wireless Bluetooth Earbuds,Electronics,18,1337.84,24081.12
2025-03-25,Scented Soy Wax Candle,Home & Living,11,373.27,4105.97
2025-03-25,Collagen Face Sheet Mask Pack,Beauty,9,202.69,1824.21
2025-03-26,Bamboo Cutting Board Set,Home & Living,16,636.31,10180.96
2025-03-27,Casual Denim Jacket,Fashion,4,1557.92,6231.68
2025-03-27,USB-C Fast Charging Cable,Electronics,18,299.35,5388.3
2025-03-28,Vitamin C Face Serum 30ml,Beauty,1,717.77,717.77
2025-03-30,USB-C Fast Charging Cable,Electronics,5,281.22,1406.1
2025-03-30,Memory Foam Pillow,Home & Living,16,929.03,14864.48
2025-03-31,Mechanical Keyboard RGB,Electronics,8,2364.41,18915.28
2025-03-31,Under Eye Cream Dark Circles,Beauty,3,449.18,1347.54
2025-04-01,Noise Cancelling Headphones,Electronics,15,3768.77,56531.55
2025-04-02,Casual Denim Jacket,Fashion,18,1570.92,28276.56
2025-04-03,Mechanical Keyboard RGB,Electronics,17,2666.33,45327.61
2025-04-03,Vitamin C Face Serum 30ml,Beauty,1,751.45,751.45
2025-04-04,Non-Stick Frying Pan 26cm,Home & Living,2,814.02,1628.04
2025-04-04,Bamboo Cutting Board Set,Home & Living,10,636.51,6365.1
2025-04-05,Stainless Steel Water Bottle 1L,Home & Living,10,507.92,5079.2
2025-04-06,Moisturising Sunscreen SPF50,Beauty,3,404.78,1214.34
2025-04-06,Mechanical Keyboard RGB,Electronics,10,2427.51,24275.1
2025-04-06,Leather Wallet Slim,Fashion,12,615.86,7390.32
2025-04-07,Smart LED Desk Lamp,Electronics,20,902.99,18059.8
2025-04-08,Non-Stick Frying Pan 26cm,Home & Living,6,768.96,4613.76
2025-04-08,Casual Denim Jacket,Fashion,11,1463.46,16098.06
2025-04-08,Sunglasses UV400 Polarized,Fashion,2,793.22,1586.44
2025-04-09,Mechanical Keyboard RGB,Electronics,3,2361.67,7085.01
2025-04-09,Slim Fit Chino Pants,Fashion,1,906.52,906.52
2025-04-10,Collagen Face Sheet Mask Pack,Beauty,5,191.75,958.75
2025-04-10,Slim Fit Chino Pants,Fashion,5,854.67,4273.35
2025-04-10,Memory Foam Pillow,Home & Living,1,883.24,883.24
2025-04-10,Running Sports Shoes,Fashion,10,1862.6,18626.0
2025-04-11,Collagen Face Sheet Mask Pack,Beauty,16,188.01,3008.16
2025-04-11,Non-Stick Frying Pan 26cm,Home & Living,8,823.37,6586.96
2025-04-12,Portable Phone Charger 20000mAh,Electronics,14,1524.5,21343.0
2025-04-12,Leather Wallet Slim,Fashion,12,623.44,7481.28
2025-04-13,Running Sports Shoes,Fashion,9,1931.13,17380.17
2025-04-14,Scented Soy Wax Candle,Home & Living,18,339.49,6110.82
2025-04-14,Sunglasses UV400 Polarized,Fashion,4,768.55,3074.2
2025-04-14,Memory Foam Pillow,Home & Living,4,872.98,3491.92
2025-04-17,Leather Wallet Slim,Fashion,20,559.22,11184.4
2025-04-18,Slim Fit Chino Pants,Fashion,20,835.74,16714.8
2025-04-18,Under Eye Cream Dark Circles,Beauty,10,444.63,4446.3
2025-04-19,Smart LED Desk Lamp,Electronics,19,895.07,17006.33
2025-04-19,Webcam HD 1080p,Electronics,14,1709.0,23926.0
2025-04-20,Wireless Bluetooth Earbuds,Electronics,10,1292.64,12926.4
2025-04-20,Cotton Round Neck T-Shirt,Fashion,8,418.61,3348.88
2025-04-20,USB-C Fast Charging Cable,Electronics,5,300.41,1502.05
2025-04-20,Bamboo Cutting Board Set,Home & Living,12,595.88,7150.56
2025-04-21,Vitamin C Face Serum 30ml,Beauty,7,723.42,5063.94
2025-04-21,Wireless Bluetooth Earbuds,Electronics,13,1294.22,16824.86
2025-04-21,Running Sports Shoes,Fashion,10,2156.58,21565.8
2025-04-21,Memory Foam Pillow,Home & Living,8,930.44,7443.52
2025-04-21,Casual Denim Jacket,Fashion,3,1409.14,4227.42
2025-04-22,Running Sports Shoes,Fashion,7,2064.43,14451.01
2025-04-22,Vitamin C Face Serum 30ml,Beauty,9,715.9,6443.1
2025-04-23,Portable Phone Charger 20000mAh,Electronics,1,1601.86,1601.86
2025-04-24,Stainless Steel Water Bottle 1L,Home & Living,18,535.27,9634.86
2025-04-25,Running Sports Shoes,Fashion,18,1886.45,33956.1
2025-04-25,Non-Stick Frying Pan 26cm,Home & Living,5,764.76,3823.8
2025-04-26,Collagen Face Sheet Mask Pack,Beauty,14,211.67,2963.38
2025-04-26,Vitamin C Face Serum 30ml,Beauty,18,722.73,13009.14
2025-04-27,Slim Fit Chino Pants,Fashion,19,970.76,18444.44
2025-04-28,Stainless Steel Water Bottle 1L,Home & Living,9,523.7,4713.3
2025-04-28,Webcam HD 1080p,Electronics,8,1657.15,13257.2
2025-04-29,Cotton Round Neck T-Shirt,Fashion,2,389.55,779.1
2025-04-30,Sunglasses UV400 Polarized,Fashion,19,819.84,15576.96
2025-04-30,Collagen Face Sheet Mask Pack,Beauty,9,193.34,1740.06
2025-04-30,Mechanical Keyboard RGB,Electronics,19,2360.73,44853.87
2025-05-02,Sunglasses UV400 Polarized,Fashion,15,802.72,12040.8
2025-05-02,Memory Foam Pillow,Home & Living,10,968.12,9681.2
2025-05-02,Sunglasses UV400 Polarized,Fashion,17,772.78,13137.26
2025-05-02,Non-Stick Frying Pan 26cm,Home & Living,18,737.18,13269.24
2025-05-03,USB-C Fast Charging Cable,Electronics,2,317.63,635.26
2025-05-03,Moisturising Sunscreen SPF50,Beauty,2,417.46,834.92
2025-05-05,Memory Foam Pillow,Home & Living,1,907.81,907.81
2025-05-05,Noise Cancelling Headphones,Electronics,17,3935.9,66910.3
2025-05-05,Scented Soy Wax Candle,Home & Living,4,372.92,1491.68
2025-05-06,Memory Foam Pillow,Home & Living,14,841.35,11778.9
2025-05-07,Scented Soy Wax Candle,Home & Living,11,347.04,3817.44
2025-05-07,Mechanical Keyboard RGB,Electronics,20,2684.42,53688.4
2025-05-07,Webcam HD 1080p,Electronics,12,1718.12,20617.44
2025-05-08,Memory Foam Pillow,Home & Living,7,849.06,5943.42
2025-05-08,Vitamin C Face Serum 30ml,Beauty,8,722.46,5779.68
2025-05-08,Smart LED Desk Lamp,Electronics,15,832.09,12481.35
2025-05-09,Non-Stick Frying Pan 26cm,Home & Living,3,793.3,2379.9
2025-05-11,USB-C Fast Charging Cable,Electronics,20,299.34,5986.8
2025-05-11,Running Sports Shoes,Fashion,14,1926.89,26976.46
2025-05-12,Non-Stick Frying Pan 26cm,Home & Living,14,855.13,11971.82
2025-05-12,Sunglasses UV400 Polarized,Fashion,14,766.82,10735.48
2025-05-14,Casual Denim Jacket,Fashion,5,1601.12,8005.6
2025-05-14,Noise Cancelling Headphones,Electronics,9,4112.74,37014.66
2025-05-15,Smart LED Desk Lamp,Electronics,18,830.96,14957.28
2025-05-15,Bamboo Cutting Board Set,Home & Living,20,615.77,12315.4
2025-05-16,Moisturising Sunscreen SPF50,Beauty,20,388.63,7772.6
2025-05-17,Cotton Round Neck T-Shirt,Fashion,19,409.29,7776.51
2025-05-18,Slim Fit Chino Pants,Fashion,20,954.44,19088.8
2025-05-18,Non-Stick Frying Pan 26cm,Home & Living,18,772.11,13897.98
2025-05-19,Memory Foam Pillow,Home & Living,20,938.5,18770.0
2025-05-20,Natural Aloe Vera Gel 200ml,Beauty,2,238.2,476.4
2025-05-20,Webcam HD 1080p,Electronics,10,1942.18,19421.8
2025-05-21,Moisturising Sunscreen SPF50,Beauty,20,388.48,7769.6
2025-05-22,Stainless Steel Water Bottle 1L,Home & Living,12,472.07,5664.84
2025-05-22,USB-C Fast Charging Cable,Electronics,15,318.59,4778.85
2025-05-23,Smart LED Desk Lamp,Electronics,16,841.84,13469.44
2025-05-24,Bamboo Cutting Board Set,Home & Living,19,568.52,10801.88
2025-05-25,Noise Cancelling Headphones,Electronics,20,4300.42,86008.4
2025-05-25,Leather Wallet Slim,Fashion,3,594.21,1782.63
2025-05-26,Sunglasses UV400 Polarized,Fashion,15,753.34,11300.1
2025-05-26,USB-C Fast Charging Cable,Electronics,14,281.57,3941.98
2025-05-27,Vitamin C Face Serum 30ml,Beauty,2,677.63,1355.26
2025-05-28,Moisturising Sunscreen SPF50,Beauty,3,405.97,1217.91
2025-05-28,Portable Phone Charger 20000mAh,Electronics,5,1498.61,7493.05
2025-05-29,Natural Aloe Vera Gel 200ml,Beauty,18,245.79,4424.22
2025-05-29,Slim Fit Chino Pants,Fashion,14,843.86,11814.04
2025-05-30,Scented Soy Wax Candle,Home & Living,7,339.03,2373.21
2025-06-01,Smart LED Desk Lamp,Electronics,3,852.56,2557.68
2025-06-01,Laptop Stand Adjustable,Electronics,11,1733.72,19070.92
2025-06-01,Cotton Round Neck T-Shirt,Fashion,19,403.96,7675.24
2025-06-02,Smart LED Desk Lamp,Electronics,16,859.34,13749.44
2025-06-02,Collagen Face Sheet Mask Pack,Beauty,20,210.89,4217.8
2025-06-03,Collagen Face Sheet Mask Pack,Beauty,5,203.08,1015.4
2025-06-04,Laptop Stand Adjustable,Electronics,8,1877.6,15020.8
2025-06-04,Cotton Round Neck T-Shirt,Fashion,3,377.11,1131.33
2025-06-06,USB-C Fast Charging Cable,Electronics,11,304.89,3353.79
2025-06-07,Stainless Steel Water Bottle 1L,Home & Living,17,537.95,9145.15
2025-06-07,Leather Wallet Slim,Fashion,12,619.08,7428.96
2025-06-08,Cotton Round Neck T-Shirt,Fashion,16,380.76,6092.16
2025-06-08,Noise Cancelling Headphones,Electronics,11,3831.8,42149.8
2025-06-08,Casual Denim Jacket,Fashion,8,1443.07,11544.56
2025-06-08,Sunglasses UV400 Polarized,Fashion,4,758.7,3034.8
2025-06-09,Sunglasses UV400 Polarized,Fashion,12,791.09,9493.08
2025-06-09,Collagen Face Sheet Mask Pack,Beauty,7,194.68,1362.76
2025-06-10,Webcam HD 1080p,Electronics,10,1719.74,17197.4
2025-06-10,Wireless Bluetooth Earbuds,Electronics,9,1314.85,11833.65
2025-06-10,Running Sports Shoes,Fashion,9,2026.05,18234.45
2025-06-10,Vitamin C Face Serum 30ml,Beauty,16,675.04,10800.64
2025-06-11,Stainless Steel Water Bottle 1L,Home & Living,7,499.89,3499.23
2025-06-11,Laptop Stand Adjustable,Electronics,3,1733.4,5200.2
2025-06-12,Scented Soy Wax Candle,Home & Living,13,343.23,4461.99
2025-06-12,Webcam HD 1080p,Electronics,13,1933.5,25135.5
2025-06-12,Scented Soy Wax Candle,Home & Living,18,342.28,6161.04
2025-06-13,Moisturising Sunscreen SPF50,Beauty,19,398.15,7564.85
2025-06-13,Bamboo Cutting Board Set,Home & Living,13,578.31,7518.03
2025-06-13,Collagen Face Sheet Mask Pack,Beauty,6,213.42,1280.52
2025-06-14,Under Eye Cream Dark Circles,Beauty,20,421.62,8432.4
2025-06-14,Collagen Face Sheet Mask Pack,Beauty,9,202.5,1822.5
2025-06-16,Slim Fit Chino Pants,Fashion,20,942.95,18859.0
2025-06-16,Collagen Face Sheet Mask Pack,Beauty,17,186.06,3163.02
2025-06-17,Scented Soy Wax Candle,Home & Living,2,371.93,743.86
2025-06-18,Vitamin C Face Serum 30ml,Beauty,1,742.92,742.92
2025-06-18,Stainless Steel Water Bottle 1L,Home & Living,10,514.95,5149.5
2025-06-18,Collagen Face Sheet Mask Pack,Beauty,1,202.09,202.09
2025-06-19,Collagen Face Sheet Mask Pack,Beauty,7,205.78,1440.46
2025-06-19,Bamboo Cutting Board Set,Home & Living,6,569.44,3416.64
2025-06-21,Sunglasses UV400 Polarized,Fashion,5,825.39,4126.95
2025-06-22,Collagen Face Sheet Mask Pack,Beauty,18,196.42,3535.56
2025-06-26,Vitamin C Face Serum 30ml,Beauty,4,692.7,2770.8
2025-06-26,Cotton Round Neck T-Shirt,Fashion,15,380.78,5711.7
2025-06-26,Natural Aloe Vera Gel 200ml,Beauty,16,241.71,3867.36
2025-06-26,Memory Foam Pillow,Home & Living,10,926.37,9263.7
2025-06-27,Bamboo Cutting Board Set,Home & Living,14,604.84,8467.76
2025-06-28,Stainless Steel Water Bottle 1L,Home & Living,5,493.85,2469.25
2025-06-29,Sunglasses UV400 Polarized,Fashion,14,772.09,10809.26
2025-06-30,Vitamin C Face Serum 30ml,Beauty,16,693.2,11091.2
2025-06-30,Mechanical Keyboard RGB,Electronics,6,2616.43,15698.58
